horizon,Daily naive,Weekly naive,LSTM,CNN-LSTM
1,27.350460052490234,27.317535400390625,19.12360954284668,18.891054153442383
2,27.347463607788086,27.319416046142578,20.893997192382812,19.052873611450195
3,27.337175369262695,27.32461929321289,22.20965576171875,19.4906005859375
4,27.326101303100586,27.343570709228516,23.190784454345703,20.081035614013672
5,27.32984733581543,27.346620559692383,23.449474334716797,20.761615753173828
6,27.333934783935547,27.347061157226562,24.703655242919922,20.731739044189453
7,27.33106803894043,27.346393585205078,24.29987144470215,21.045658111572266
8,27.324804306030273,27.34720802307129,24.170551300048828,21.229145050048828
9,27.320261001586914,27.34877586364746,23.999011993408203,21.799551010131836
10,27.324373245239258,27.35357093811035,23.67092514038086,22.3837947845459
11,27.337024688720703,27.353235244750977,24.364145278930664,22.31415367126465
12,27.34430503845215,27.35318374633789,22.785430908203125,22.56862449645996
13,27.34956932067871,27.356950759887695,21.754894256591797,22.64748764038086
14,27.361101150512695,27.35407066345215,21.999855041503906,22.168336868286133
15,27.36202049255371,27.348352432250977,22.162675857543945,21.860342025756836
16,27.362884521484375,27.33894920349121,22.150951385498047,21.617433547973633
17,27.36484718322754,27.327857971191406,21.811840057373047,21.162521362304688
18,27.36414909362793,27.312829971313477,21.250577926635742,21.110727310180664
19,27.359148025512695,27.300825119018555,21.21977424621582,21.315385818481445
20,27.353940963745117,27.297094345092773,21.12595558166504,21.4300479888916
21,27.354516983032227,27.310108184814453,21.844783782958984,21.353837966918945
22,27.354711532592773,27.30573844909668,21.61570930480957,21.837116241455078
23,27.358625411987305,27.296995162963867,21.522409439086914,22.55679702758789
24,27.357952117919922,27.28609275817871,22.850616455078125,23.40520477294922
