hour,Daily naive,Weekly naive,LSTM,CNN-LSTM
0,19.96571922302246,22.861412048339844,16.157588958740234,17.072084426879883
1,19.17076301574707,21.500953674316406,15.730781555175781,16.350481033325195
2,18.876789093017578,21.079221725463867,16.083393096923828,16.24388313293457
3,19.649930953979492,20.9643497467041,16.4323673248291,16.271835327148438
4,19.285926818847656,22.06000328063965,15.998759269714355,16.30208969116211
5,20.964853286743164,24.057165145874023,17.73062515258789,17.478389739990234
6,27.9067440032959,25.603336334228516,19.252092361450195,20.300716400146484
7,34.41108322143555,24.089765548706055,20.48036766052246,23.19242286682129
8,33.10464096069336,23.7354736328125,21.33420753479004,19.07961082458496
9,31.51588249206543,26.803579330444336,27.900264739990234,21.3005313873291
10,29.322622299194336,29.777612686157227,29.965591430664062,24.68671989440918
11,31.181503295898438,33.44178771972656,26.684240341186523,25.825103759765625
12,31.23138999938965,35.13365936279297,24.22028923034668,25.973388671875
13,32.7896842956543,35.769893646240234,24.903244018554688,27.103273391723633
14,34.90015411376953,35.078468322753906,25.86029815673828,27.109207153320312
15,34.14995574951172,34.10347366333008,27.34906005859375,25.43958854675293
16,31.800111770629883,30.959152221679688,29.191192626953125,22.757429122924805
17,28.351112365722656,31.607114791870117,29.793075561523438,20.095380783081055
18,23.318607330322266,26.3227481842041,26.131994247436523,17.510297775268555
19,32.21517562866211,33.64985656738281,24.137540817260742,23.96739959716797
20,45.580284118652344,37.86360549926758,34.1582145690918,37.65034103393555
21,27.987560272216797,26.41188621520996,21.865339279174805,23.29596519470215
22,14.786443710327148,17.158897399902344,14.274413108825684,14.960396766662598
23,13.843367576599121,15.903624534606934,12.536216735839844,12.848555564880371
