subset,model,N,MAE,RMSE,sMAPE,MAPE_guarded,MAPE_excluded
All,Daily naive,62568,27.346262669534546,38.60978666031081,60.74254614270025,112.82950115356101,3336
All,Weekly naive,62568,27.3307104747098,37.185778136580325,62.34174376466056,114.63307656952016,3336
All,LSTM,62568,22.423798306978885,29.913783021092147,46.86564097246135,121.75048818344507,3336
All,CNN-LSTM,62568,21.367295359193747,28.67133460987604,46.99088802957604,109.39924815659082,3336
Top 5% absolute price,Daily naive,3144,51.617481186829565,66.09972089753144,37.86170256475699,29.541137604376306,0
Top 5% absolute price,Weekly naive,3144,40.43099198086571,50.85341140223796,26.072019540781554,22.554320392702255,0
Top 5% absolute price,LSTM,3144,42.512896181062885,51.14403489217265,26.956463588049218,22.926924986959254,0
Top 5% absolute price,CNN-LSTM,3144,48.111781764576456,56.1644982434891,31.34348889564911,26.227337031638587,0
Negative price,Daily naive,5763,34.08290827623645,46.26620936134969,167.94116497593842,525.6286188846091,2040
Negative price,Weekly naive,5763,38.142722387759505,49.52853034759499,170.13137776628304,621.0113972503987,2040
Negative price,LSTM,5763,40.37146718725536,46.509695960919245,181.56253965210612,653.3732605400635,2040
Negative price,CNN-LSTM,5763,37.09581401661378,43.224823014776504,185.71142232122065,597.7289581719224,2040
Weekday,Daily naive,44484,26.37142215630415,37.897616247355266,52.302812208091666,71.17282648712538,1166
Weekday,Weekly naive,44484,26.55928640488075,36.141939415484096,48.777245702712705,80.0585392542815,1166
Weekday,LSTM,44484,21.14698441597917,28.938740166980008,33.28519137544422,85.38113048215413,1166
Weekday,CNN-LSTM,44484,20.047043312353704,27.779815376360368,32.76225639352331,79.90176394138824,1166
Weekend,Daily naive,18084,29.744228019597646,40.30811321815269,81.50305954389071,226.2192104158873,2170
Weekend,Weekly naive,18084,29.228301069836732,39.636662402411,95.7084287783571,208.74516701953337,2170
Weekend,LSTM,18084,25.56457408264972,32.18679882515592,80.27156443373707,220.74809010028065,2170
Weekend,CNN-LSTM,18084,24.61492265689517,30.75456396603236,81.99124468176416,189.69157071748972,2170
